CampaignID,BusinessUnit,CampaignTactic,CampaignName,CampaignBudget,CampaignStartDate
290,BU3,Paid Search,CN_MiddleFunnel_9,708474.91,2024-07-16 0:00:00
494,BU4,Organic Search,CN_MiddleFunnel_9,745623.45,2024-06-19 0:00:00
681,BU2,Organic Social,CN_MiddleFunnel_8,725789.35,2023-10-06 0:00:00
769,BU1,Display,CN_MiddleFunnel_8,742487.46,2024-01-15 0:00:00
817,BU2,Organic Social,CN_MiddleFunnel_8,700582.74,2024-11-09 0:00:00
100,BU1,Display,CN_MiddleFunnel_7,716675.96,2024-10-24 0:00:00
318,BU5,Paid Social,CN_MiddleFunnel_7,737369.49,2024-07-10 0:00:00
561,BU4,Organic Search,CN_MiddleFunnel_7,694901.35,2023-11-09 0:00:00
686,BU1,Display,CN_MiddleFunnel_7,714367.94,2024-02-03 0:00:00
801,BU4,Organic Search,CN_MiddleFunnel_7,726467.17,2023-09-24 0:00:00
77,BU5,Paid Social,CN_MiddleFunnel_4,746715.97,2024-11-18 0:00:00
287,BU2,Organic Social,CN_MiddleFunnel_4,728474.89,2024-10-19 0:00:00
487,BU2,Organic Social,cn_MiddleFunnel_4,728349.05,2024-11-03 0:00:00
908,BU1,Display,CN_MiddleFunnel_4,732697.68,2023-04-02 0:00:00
461,BU5,Paid Social,CN_MiddleFunnel_2,706936.23,2024-07-05 0:00:00
87,BU1,Display,CN_MiddleFunnel_10,703203.93,2024-12-17 0:00:00
591,BU4,Organic Search,CN_MiddleFunnel_10,714432.29,2024-02-05 0:00:00
658,BU1,Display,CN_MiddleFunnel_10,721147.57,2024-02-23 0:00:00
715,BU5,Paid Social,CN_MiddleFunnel_10,716816.1,2023-10-03 0:00:00
821,BU4,Organic Search,CN_MiddleFunnel_1,723198.19,2024-09-11 0:00:00
98,BU1,Display,CN_MiddleFunnel_0,728659.36,2024-12-28 0:00:00
402,BU3,Paid Search,CN_MiddleFunnel_0,724326.46,2024-09-08 0:00:00
633,BU4,Organic Search,CN_MiddleFunnel_0,699360.09,2024-07-26 0:00:00
881,BU3,Paid Search,CN_MiddleFunnel_0,718320.46,2024-10-19 0:00:00
38,BU4,Organic Search,CN_EventReg_9,0,2024-12-30 0:00:00
53,BU4,Organic Search,CN_EventReg_9,102738.35,2024-11-27 0:00:00
88,BU2,Organic Social,CN_EventReg_9,82442.36,2024-11-03 0:00:00
136,BU5,Paid Social,CN_EventReg_9,0,2024-10-14 0:00:00
201,BU3,Paid Search,CN_EventReg_9,78782.99,2024-12-24 0:00:00
231,BU2,Organic Social,CN_EventReg_9,0,2024-11-18 0:00:00
236,BU1,Display,CN_EventReg_9,89089,2024-07-18 0:00:00
278,BU4,Organic Search,CN_EventReg_9,77824.89,2024-07-11 0:00:00
286,BU3,Paid Search,CN_EventReg_9,77198.55,2024-10-27 0:00:00
288,BU5,Paid Social,CN_EventReg_9,93943.85,2024-11-30 0:00:00
295,BU3,Paid Search,CN_EventReg_9,86936.85,2024-07-13 0:00:00
383,BU5,Paid Social,CN_EventReg_9,88970.31,2024-06-19 0:00:00
427,BU2,Organic Social,CN_EventReg_9,74604.53,2024-09-07 0:00:00
442,BU3,Paid Search,CN_EventReg_9,85861.49,2024-10-29 0:00:00
473,BU5,Paid Social,CN_EventReg_9,79028.95,2024-11-21 0:00:00
563,BU5,Paid Social,CN_EventReg_9,80075.71,2024-06-23 0:00:00
627,BU1,Display,CN_EventReg_9,82043.39,2024-09-16 0:00:00
655,BU1,Display,CN_EventReg_9,78012.22,2024-03-13 0:00:00
660,BU5,Paid Social,CN_EventReg_9,79304.94,2024-11-11 0:00:00
703,BU2,Organic Social,CN_EventReg_9,90714.91,2023-12-16 0:00:00
748,BU5,Paid Social,CN_EventReg_9,94398.59,2024-06-20 0:00:00
751,BU2,Organic Social,CN_EventReg_9,91113.88,2024-10-12 0:00:00
789,BU3,Paid Search,CN_EventReg_9,-141.57,2023-12-01 0:00:00
796,BU4,Organic Search,CN_EventReg_9,77507.43,2023-05-26 0:00:00
814,BU3,Paid Search,CN_EventReg_9,86662.29,2024-03-07 0:00:00
823,BU3,Paid Search,CN_EventReg_9,91936.13,2024-02-12 0:00:00
870,BU2,Organic Social,CN_EventReg_9,0,2023-03-01 0:00:00
920,BU5,Paid Social,CN_EventReg_9,51096.76,2024-12-24 0:00:00
941,BU4,Organic Search,CN_EventReg_9,65268.06,2022-12-08 0:00:00
954,BU3,Paid Search,CN_EventReg_9,50766.43,2024-04-22 0:00:00
41,BU2,Organic Social,CN_EventReg_8,88845.9,2024-12-31 0:00:00
49,BU3,Paid Search,CN_EventReg_8,78040.82,2024-12-01 0:00:00
61,BU2,Organic Social,CN_EventReg_8,89443.64,2024-12-23 0:00:00
69,BU4,Organic Search,CN_EventReg_8,78964.6,2024-11-16 0:00:00
70,BU2,Organic Social,CN_EventReg_8,91374.14,2024-11-15 0:00:00
82,BU5,Paid Social,CN_EventReg_8,76905.4,2024-12-06 0:00:00
284,BU3,Paid Search,CN_EventReg_8,84558.76,2024-08-20 0:00:00
292,BU4,Organic Search,CN_EventReg_8,93975.31,2024-09-18 0:00:00
347,BU4,Organic Search,CN_EventReg_8,90068.55,2024-06-14 0:00:00
370,BU2,Organic Social,CN_EventReg_8,0,2024-04-29 0:00:00
434,BU3,Paid Search,CN_EventReg_8,95529.72,2024-06-20 0:00:00
455,BU1,Display,CN_EventReg_8,79386.45,2024-11-10 0:00:00
474,BU5,Paid Social,CN_EventReg_8,0,2024-09-12 0:00:00
509,BU5,Paid Social,CN_EventReg_8,91923.26,2024-05-17 0:00:00
530,BU1,Display,CN_EventReg_8,81399.89,2024-11-21 0:00:00
555,BU4,Organic Search,CN_EventReg_8,94691.74,2024-11-25 0:00:00
564,BU1,Display,CN_EventReg_8,0,2024-06-06 0:00:00
590,BU1,Display,CN_EventReg_8,100887.93,2024-11-06 0:00:00
706,BU4,Organic Search,CN_EventReg_8,76813.88,2024-03-20 0:00:00
764,BU2,Organic Social,CN_EventReg_8,84671.73,2024-01-09 0:00:00
794,BU3,Paid Search,CN_EventReg_8,81830.32,2024-04-18 0:00:00
818,BU3,Paid Search,CN_EventReg_8,75392.46,2024-03-14 0:00:00
847,BU2,Organic Social,CN_EventReg_8,95542.59,2024-01-08 0:00:00
886,BU1,Display,CN_EventReg_8,98825.87,2024-04-04 0:00:00
910,BU1,Display,CN_EventReg_8,86061.69,2023-01-28 0:00:00
915,BU3,Paid Search,CN_EventReg_8,0,2024-04-01 0:00:00
922,BU5,Paid Social,CN_EventReg_8,87706.19,2024-07-26 0:00:00
933,BU4,Organic Search,CN_EventReg_8,77610.39,2024-11-15 0:00:00
997,BU2,Organic Social,CN_EventReg_8,71063.85,2023-09-10 0:00:00
4,BU2,Organic Social,CN_EventReg_7,72080.58,2024-12-30 0:00:00
8,BU5,Paid Social,CN_EventReg_7,88755.81,2024-12-28 0:00:00
16,BU1,Display,cn_EventReg_7,72776.99,2024-12-27 0:00:00
29,BU3,Paid Search,CN_EventReg_7,85183.67,2024-12-14 0:00:00
44,BU3,Paid Search,CN_EventReg_7,89167.65,2024-12-28 0:00:00
117,BU3,Paid Search,CN_EventReg_7,87594.65,2024-11-17 0:00:00
120,BU1,Display,CN_EventReg_7,0,2024-11-11 0:00:00
129,BU4,Organic Search,CN_EventReg_7,88883.08,2024-12-10 0:00:00
217,BU2,Organic Social,CN_EventReg_7,89542.31,2024-09-25 0:00:00
310,BU3,Paid Search,CN_EventReg_7,84970.6,2024-12-09 0:00:00
328,BU2,Organic Social,CN_EventReg_7,94533.01,2024-10-23 0:00:00
336,BU2,Organic Social,CN_EventReg_7,82616.82,2024-06-18 0:00:00
369,BU5,Paid Social,CN_EventReg_7,98498.4,2024-10-19 0:00:00
480,BU1,Display,CN_EventReg_7,74701.77,2024-11-09 0:00:00
490,BU3,Paid Search,CN_EventReg_7,77318.67,2024-12-15 0:00:00
502,BU2,Organic Social,CN_EventReg_7,97947.85,2024-01-02 0:00:00
506,BU1,Display,CN_EventReg_7,0,2024-10-28 0:00:00
512,BU1,Display,CN_EventReg_7,72073.43,2024-10-20 0:00:00
518,BU5,Paid Social,CN_EventReg_7,82297.93,2023-11-17 0:00:00
531,BU5,Paid Social,CN_EventReg_7,103088.7,2024-08-30 0:00:00
584,BU3,Paid Search,CN_EventReg_7,78235.3,2024-05-14 0:00:00
636,BU5,Paid Social,CN_EventReg_7,83951.01,2023-09-20 0:00:00
640,BU5,Paid Social,CN_EventReg_7,-141.57,2024-01-26 0:00:00
643,BU4,Organic Search,CN_EventReg_7,96811,2024-10-31 0:00:00
722,BU5,Paid Social,CN_EventReg_7,97448.78,2024-07-05 0:00:00
728,BU1,Display,CN_EventReg_7,91138.19,2024-03-16 0:00:00
743,BU3,Paid Search,CN_EventReg_7,88714.34,2023-05-15 0:00:00
750,BU2,Organic Social,CN_EventReg_7,77706.2,2024-02-01 0:00:00
785,BU1,Display,CN_EventReg_7,75998.78,2024-07-17 0:00:00
838,BU1,Display,CN_EventReg_7,0,2023-07-21 0:00:00
844,BU3,Paid Search,CN_EventReg_7,85718.49,2024-03-02 0:00:00
858,BU4,Organic Search,CN_EventReg_7,89872.64,2024-02-10 0:00:00
904,BU1,Display,CN_EventReg_7,78700.05,2023-10-07 0:00:00
975,BU1,Display,CN_EventReg_7,83038.67,2024-04-06 0:00:00
979,BU2,Organic Social,CN_EventReg_7,84733.22,2023-08-18 0:00:00
17,BU5,Paid Social,CN_EventReg_6,76906.83,2024-12-30 0:00:00
42,BU5,Paid Social,CN_EventReg_6,77649,2024-12-27 0:00:00
108,BU4,Organic Search,CN_EventReg_6,0,2024-12-28 0:00:00
263,BU4,Organic Search,CN_EventReg_6,92053.39,2024-09-03 0:00:00
334,BU5,Paid Social,CN_EventReg_6,90979.46,2024-12-25 0:00:00
353,BU5,Paid Social,CN_EventReg_6,98854.47,2024-09-25 0:00:00
359,BU1,Display,CN_EventReg_6,77295.79,2024-04-30 0:00:00
432,BU3,Paid Search,CN_EventReg_6,0,2024-12-03 0:00:00
435,BU1,Display,CN_EventReg_6,0,2024-09-15 0:00:00
482,BU5,Paid Social,CN_EventReg_6,83859.49,2024-09-11 0:00:00
495,BU3,Paid Search,CN_EventReg_6,79616.68,2024-07-23 0:00:00
510,BU1,Display,CN_EventReg_6,85784.27,2024-11-01 0:00:00
569,BU5,Paid Social,CN_EventReg_6,105973.01,2023-10-17 0:00:00
579,BU2,Organic Social,CN_EventReg_6,85238.01,2024-09-07 0:00:00
622,BU1,Display,CN_EventReg_6,86988.33,2024-12-07 0:00:00
679,BU3,Paid Search,CN_EventReg_6,0,2024-01-20 0:00:00
713,BU2,Organic Social,CN_EventReg_6,81990.48,2024-07-14 0:00:00
714,BU4,Organic Search,CN_EventReg_6,67743.39,2024-01-05 0:00:00
744,BU5,Paid Social,CN_EventReg_6,78578.5,2023-09-06 0:00:00
749,BU5,Paid Social,CN_EventReg_6,97121.31,2024-05-10 0:00:00
978,BU5,Paid Social,CN_EventReg_6,0,2024-04-22 0:00:00
32,BU1,Display,CN_EventReg_5,84943.43,2024-12-30 0:00:00
54,BU4,Organic Search,CN_EventReg_5,67824.9,2024-12-21 0:00:00
96,BU1,Display,CN_EventReg_5,93580.63,2024-10-28 0:00:00
149,BU4,Organic Search,CN_EventReg_5,88577.06,2024-12-09 0:00:00
156,BU4,Organic Search,CN_EventReg_5,67231.45,2024-10-29 0:00:00
235,BU5,Paid Social,CN_EventReg_5,85595.51,2024-12-01 0:00:00
244,BU4,Organic Search,CN_EventReg_5,60181.55,2024-09-20 0:00:00
330,BU4,Organic Search,CN_EventReg_5,80630.55,2024-12-29 0:00:00
410,BU5,Paid Social,CN_EventReg_5,70869.37,2024-12-14 0:00:00
451,BU1,Display,CN_EventReg_5,0,2024-01-26 0:00:00
539,BU1,Display,CN_EventReg_5,95828.59,2024-04-27 0:00:00
916,BU1,Display,CN_EventReg_5,99126.17,2024-10-21 0:00:00
944,BU5,Paid Social,CN_EventReg_5,81507.14,2023-09-02 0:00:00
35,BU4,Organic Search,CN_EventReg_4,94480.1,2024-12-10 0:00:00
46,BU4,Organic Search,CN_EventReg_4,0,2024-12-31 0:00:00
138,BU4,Organic Search,CN_EventReg_4,0,2024-10-27 0:00:00
153,BU1,Display,CN_EventReg_4,92193.53,2024-09-26 0:00:00
187,BU1,Display,CN_EventReg_4,94237,2024-10-30 0:00:00
200,BU4,Organic Search,CN_EventReg_4,63356.15,2024-11-19 0:00:00
216,BU4,Organic Search,CN_EventReg_4,94269.89,2024-10-13 0:00:00
308,BU1,Display,CN_EventReg_4,90923.69,2024-10-16 0:00:00
558,BU2,Organic Social,CN_EventReg_4,108251,2023-12-17 0:00:00
596,BU4,Organic Search,CN_EventReg_4,88455.51,2024-08-05 0:00:00
609,BU2,Organic Social,CN_EventReg_4,99316.36,2024-06-13 0:00:00
611,BU3,Paid Search,CN_EventReg_4,69056.13,2024-03-22 0:00:00
707,BU5,Paid Social,CN_EventReg_4,0,2023-10-26 0:00:00
804,BU2,Organic Social,CN_EventReg_4,101946.13,2024-11-17 0:00:00
859,BU2,Organic Social,CN_EventReg_4,69476.55,2023-02-07 0:00:00
876,BU3,Paid Search,CN_EventReg_4,79878.37,2023-09-29 0:00:00
887,BU4,Organic Search,CN_EventReg_4,80747.81,2023-09-08 0:00:00
899,BU3,Paid Search,CN_EventReg_4,90581.92,2023-03-05 0:00:00
981,BU1,Display,CN_EventReg_4,0,2024-08-07 0:00:00
84,BU1,Display,CN_EventReg_3,80251.6,2024-12-18 0:00:00
177,BU1,Display,CN_EventReg_3,0,2024-10-07 0:00:00
199,BU4,Organic Search,CN_EventReg_3,84181.24,2024-11-30 0:00:00
205,BU4,Organic Search,CN_EventReg_3,86249.02,2024-11-03 0:00:00
230,BU5,Paid Social,CN_EventReg_3,77188.54,2024-12-29 0:00:00
268,BU1,Display,CN_EventReg_3,85884.37,2024-09-04 0:00:00
316,BU1,Display,CN_EventReg_3,0,2024-11-15 0:00:00
358,BU5,Paid Social,CN_EventReg_3,90624.82,2024-08-22 0:00:00
414,BU2,Organic Social,CN_EventReg_3,104648.83,2024-11-30 0:00:00
472,BU4,Organic Search,CN_EventReg_3,76685.18,2024-06-05 0:00:00
565,BU4,Organic Search,CN_EventReg_3,90160.07,2024-05-19 0:00:00
670,BU2,Organic Social,CN_EventReg_3,0,2024-12-03 0:00:00
683,BU1,Display,CN_EventReg_3,94460.08,2024-04-24 0:00:00
724,BU1,Display,CN_EventReg_3,0,2023-06-15 0:00:00
731,BU1,Display,CN_EventReg_3,89376.43,2023-09-08 0:00:00
795,BU2,Organic Social,CN_EventReg_3,74962.03,2023-07-17 0:00:00
816,BU5,Paid Social,CN_EventReg_3,76364.86,2023-11-16 0:00:00
832,BU1,Display,CN_EventReg_3,97068.4,2024-02-25 0:00:00
926,BU2,Organic Social,CN_EventReg_3,84471.53,2023-06-09 0:00:00
963,BU3,Paid Search,CN_EventReg_3,77011.22,2024-09-21 0:00:00
74,BU4,Organic Search,CN_EventReg_2,99669.57,2024-11-02 0:00:00
114,BU4,Organic Search,CN_EventReg_2,87128.47,2024-10-28 0:00:00
126,BU1,Display,CN_EventReg_2,75288.07,2024-11-15 0:00:00
147,BU2,Organic Social,CN_EventReg_2,0,2024-11-30 0:00:00
157,BU5,Paid Social,CN_EventReg_2,105492.53,2024-09-20 0:00:00
167,BU1,Display,CN_EventReg_2,0,2024-08-27 0:00:00
219,BU2,Organic Social,CN_EventReg_2,89287.77,2024-08-31 0:00:00
269,BU5,Paid Social,CN_EventReg_2,73699.34,2024-07-20 0:00:00
319,BU3,Paid Search,CN_EventReg_2,81314.09,2024-07-11 0:00:00
371,BU4,Organic Search,CN_EventReg_2,99436.48,2024-11-27 0:00:00
401,BU3,Paid Search,CN_EventReg_2,82375.15,2024-03-23 0:00:00
428,BU1,Display,CN_EventReg_2,0,2024-05-10 0:00:00
446,BU2,Organic Social,CN_EventReg_2,81768.83,2024-09-10 0:00:00
481,BU1,Display,CN_EventReg_2,103554.88,2024-05-15 0:00:00
503,BU5,Paid Social,CN_EventReg_2,81457.09,2024-12-18 0:00:00
544,BU4,Organic Search,CN_EventReg_2,72296.51,2024-11-02 0:00:00
614,BU4,Organic Search,CN_EventReg_2,87305.79,2024-05-01 0:00:00
623,BU3,Paid Search,CN_EventReg_2,88717.2,2023-10-13 0:00:00
635,BU1,Display,CN_EventReg_2,98981.74,2024-03-09 0:00:00
736,BU3,Paid Search,CN_EventReg_2,0,2024-01-03 0:00:00
755,BU4,Organic Search,CN_EventReg_2,86739.51,2024-03-14 0:00:00
767,BU2,Organic Social,CN_EventReg_2,89579.49,2024-01-02 0:00:00
828,BU4,Organic Search,CN_EventReg_2,95381,2023-10-29 0:00:00
833,BU1,Display,CN_EventReg_2,83951.01,2024-10-06 0:00:00
850,BU5,Paid Social,CN_EventReg_2,65604.11,2024-11-08 0:00:00
854,BU5,Paid Social,CN_EventReg_2,93710.76,2023-12-03 0:00:00
872,BU3,Paid Search,CN_EventReg_2,0,2024-05-27 0:00:00
878,BU5,Paid Social,CN_EventReg_2,100849.32,2023-07-04 0:00:00
31,BU4,Organic Search,cn_EventReg_10,76632.27,2024-12-14 0:00:00
102,BU4,Organic Search,CN_EventReg_10,83153.07,2024-10-17 0:00:00
103,BU2,Organic Social,CN_EventReg_10,87092.72,2024-10-26 0:00:00
179,BU1,Display,CN_EventReg_10,0,2024-12-11 0:00:00
191,BU2,Organic Social,CN_EventReg_10,83390.45,2024-08-16 0:00:00
203,BU3,Paid Search,CN_EventReg_10,84814.73,2024-09-06 0:00:00
204,BU5,Paid Social,CN_EventReg_10,69609.54,2024-11-15 0:00:00
224,BU1,Display,CN_EventReg_10,77012.65,2024-10-03 0:00:00
228,BU4,Organic Search,CN_EventReg_10,86013.07,2024-08-01 0:00:00
242,BU2,Organic Social,CN_EventReg_10,83550.61,2024-08-29 0:00:00
272,BU4,Organic Search,CN_EventReg_10,83123.04,2024-08-27 0:00:00
322,BU3,Paid Search,CN_EventReg_10,86537.88,2024-06-21 0:00:00
684,BU1,Display,CN_EventReg_10,97199.96,2023-08-28 0:00:00
704,BU1,Display,CN_EventReg_10,78621.4,2023-11-06 0:00:00
726,BU4,Organic Search,CN_EventReg_10,75396.75,2024-01-19 0:00:00
780,BU4,Organic Search,CN_EventReg_10,95345.25,2023-12-15 0:00:00
825,BU1,Display,CN_EventReg_10,84773.26,2023-05-15 0:00:00
843,BU4,Organic Search,CN_EventReg_10,98838.74,2023-08-17 0:00:00
849,BU5,Paid Social,CN_EventReg_10,74903.4,2024-09-26 0:00:00
948,BU1,Display,CN_EventReg_10,86562.19,2023-01-18 0:00:00
992,BU1,Display,CN_EventReg_10,67516.02,2024-08-16 0:00:00
15,BU4,Organic Search,CN_EventReg_1,83224.57,2024-12-30 0:00:00
67,BU5,Paid Social,CN_EventReg_1,91005.2,2024-12-09 0:00:00
150,BU3,Paid Search,CN_EventReg_1,84764.68,2024-12-15 0:00:00
162,BU2,Organic Social,CN_EventReg_1,84863.35,2024-10-13 0:00:00
170,BU3,Paid Search,CN_EventReg_1,84264.18,2024-12-27 0:00:00
238,BU3,Paid Search,CN_EventReg_1,0,2024-11-16 0:00:00
251,BU2,Organic Social,CN_EventReg_1,0,2024-09-19 0:00:00
267,BU2,Organic Social,CN_EventReg_1,80017.08,2024-08-31 0:00:00
317,BU3,Paid Search,CN_EventReg_1,78966.03,2024-06-09 0:00:00
323,BU1,Display,CN_EventReg_1,95262.31,2024-10-20 0:00:00
327,BU1,Display,CN_EventReg_1,80905.11,2024-06-06 0:00:00
360,BU3,Paid Search,CN_EventReg_1,87924.98,2024-05-31 0:00:00
406,BU1,Display,CN_EventReg_1,91787.41,2024-12-15 0:00:00
417,BU2,Organic Social,CN_EventReg_1,71385.6,2024-11-20 0:00:00
489,BU3,Paid Search,CN_EventReg_1,103034.36,2024-01-15 0:00:00
504,BU2,Organic Social,CN_EventReg_1,74523.02,2024-02-15 0:00:00
507,BU2,Organic Social,CN_EventReg_1,77401.61,2024-12-23 0:00:00
676,BU1,Display,CN_EventReg_1,77679.03,2024-12-07 0:00:00
694,BU1,Display,CN_EventReg_1,86658,2024-04-24 0:00:00
717,BU2,Organic Social,CN_EventReg_1,85240.87,2024-09-25 0:00:00
765,BU1,Display,CN_EventReg_1,84781.84,2024-12-11 0:00:00
875,BU3,Paid Search,CN_EventReg_1,86702.33,2024-12-20 0:00:00
889,BU5,Paid Social,CN_EventReg_1,94073.98,2023-12-23 0:00:00
890,BU1,Display,CN_EventReg_1,102432.33,2023-04-18 0:00:00
897,BU5,Paid Social,CN_EventReg_1,95461.08,2024-03-18 0:00:00
957,BU5,Paid Social,CN_EventReg_1,85026.37,2023-09-03 0:00:00
989,BU2,Organic Social,CN_EventReg_1,82782.7,2023-07-12 0:00:00
12,BU3,Paid Search,CN_EventReg_0,85669.87,2024-12-31 0:00:00
23,BU5,Paid Social,CN_EventReg_0,80436.07,2024-12-28 0:00:00
105,BU3,Paid Search,CN_EventReg_0,85413.9,2024-10-08 0:00:00
140,BU5,Paid Social,CN_EventReg_0,91318.37,2024-11-06 0:00:00
148,BU4,Organic Search,CN_EventReg_0,90498.98,2024-10-21 0:00:00
165,BU1,Display,CN_EventReg_0,0,2024-12-27 0:00:00
194,BU2,Organic Social,CN_EventReg_0,86004.49,2024-09-05 0:00:00
197,BU3,Paid Search,CN_EventReg_0,88379.72,2024-12-20 0:00:00
208,BU5,Paid Social,CN_EventReg_0,92300.78,2024-10-15 0:00:00
257,BU1,Display,CN_EventReg_0,86666.58,2024-12-09 0:00:00
275,BU1,Display,CN_EventReg_0,96733.78,2024-11-02 0:00:00
299,BU2,Organic Social,CN_EventReg_0,89876.93,2024-05-10 0:00:00
325,BU3,Paid Search,CN_EventReg_0,79460.81,2024-05-19 0:00:00
400,BU4,Organic Search,CN_EventReg_0,88485.54,2024-03-05 0:00:00
625,BU2,Organic Social,CN_EventReg_0,79147.64,2024-08-18 0:00:00
691,BU4,Organic Search,CN_EventReg_0,81763.11,2024-11-17 0:00:00
716,BU2,Organic Social,CN_EventReg_0,95503.98,2023-12-13 0:00:00
790,BU3,Paid Search,CN_EventReg_0,83175.95,2023-04-14 0:00:00
799,BU3,Paid Search,CN_EventReg_0,0,2023-07-03 0:00:00
815,BU4,Organic Search,CN_EventReg_0,-141.57,2024-12-30 0:00:00
909,BU4,Organic Search,CN_EventReg_0,0,2024-11-05 0:00:00
956,BU2,Organic Social,CN_EventReg_0,86260.46,2023-12-10 0:00:00
988,BU1,Display,CN_EventReg_0,88911.68,2023-12-12 0:00:00
52,BU3,Paid Search,CN_DemandGen_9,63534.9,2024-12-02 0:00:00
57,BU5,Paid Social,CN_DemandGen_9,53512.03,2024-12-08 0:00:00
60,BU2,Organic Social,CN_DemandGen_9,51680.2,2024-12-14 0:00:00
89,BU1,Display,CN_DemandGen_9,44139.81,2024-11-27 0:00:00
146,BU3,Paid Search,CN_DemandGen_9,63798.02,2024-12-02 0:00:00
213,BU4,Organic Search,CN_DemandGen_9,67904.98,2024-11-15 0:00:00
221,BU1,Display,CN_DemandGen_9,65177.97,2024-10-18 0:00:00
277,BU1,Display,CN_DemandGen_9,0,2024-12-31 0:00:00
305,BU2,Organic Social,CN_DemandGen_9,48721.53,2024-08-23 0:00:00
312,BU1,Display,CN_DemandGen_9,61465.69,2024-12-14 0:00:00
348,BU2,Organic Social,CN_DemandGen_9,58052.28,2024-04-13 0:00:00
355,BU1,Display,CN_DemandGen_9,48668.62,2024-07-06 0:00:00
535,BU3,Paid Search,CN_DemandGen_9,58798.74,2024-08-24 0:00:00
537,BU2,Organic Social,CN_DemandGen_9,52725.53,2024-04-06 0:00:00
689,BU3,Paid Search,CN_DemandGen_9,45266.65,2023-08-06 0:00:00
727,BU1,Display,CN_DemandGen_9,43780.88,2023-06-18 0:00:00
735,BU2,Organic Social,CN_DemandGen_9,49372.18,2023-07-24 0:00:00
754,BU2,Organic Social,CN_DemandGen_9,51667.33,2024-10-08 0:00:00
812,BU3,Paid Search,CN_DemandGen_9,56160.39,2023-07-15 0:00:00
840,BU1,Display,CN_DemandGen_9,63101.61,2023-12-14 0:00:00
851,BU2,Organic Social,CN_DemandGen_9,59938.45,2024-03-06 0:00:00
882,BU5,Paid Social,CN_DemandGen_9,0,2024-04-04 0:00:00
925,BU1,Display,CN_DemandGen_9,60879.39,2024-07-24 0:00:00
966,BU2,Organic Social,CN_DemandGen_9,50624.86,2024-07-10 0:00:00
6,BU3,Paid Search,CN_DemandGen_8,0,2024-12-28 0:00:00
11,BU2,Organic Social,CN_DemandGen_8,67167.1,2024-12-27 0:00:00
113,BU3,Paid Search,CN_DemandGen_8,57660.46,2024-11-20 0:00:00
130,BU3,Paid Search,CN_DemandGen_8,60795.02,2024-11-17 0:00:00
141,BU5,Paid Social,CN_DemandGen_8,51434.24,2024-10-09 0:00:00
188,BU1,Display,CN_DemandGen_8,63193.13,2024-12-21 0:00:00
241,BU5,Paid Social,CN_DemandGen_8,61467.12,2024-10-12 0:00:00
255,BU4,Organic Search,CN_DemandGen_8,57418.79,2024-12-31 0:00:00
302,BU5,Paid Social,CN_DemandGen_8,51870.39,2024-10-18 0:00:00
303,BU1,Display,CN_DemandGen_8,56329.13,2024-11-29 0:00:00
307,BU3,Paid Search,CN_DemandGen_8,60434.66,2024-06-09 0:00:00
333,BU1,Display,CN_DemandGen_8,52273.65,2024-06-25 0:00:00
352,BU4,Organic Search,CN_DemandGen_8,63421.93,2024-08-24 0:00:00
378,BU2,Organic Social,CN_DemandGen_8,53766.57,2024-08-18 0:00:00
411,BU3,Paid Search,CN_DemandGen_8,54899.13,2024-11-17 0:00:00
423,BU2,Organic Social,CN_DemandGen_8,56084.6,2024-10-16 0:00:00
424,BU2,Organic Social,CN_DemandGen_8,0,2024-01-29 0:00:00
438,BU5,Paid Social,CN_DemandGen_8,51078.17,2024-10-20 0:00:00
453,BU1,Display,CN_DemandGen_8,0,2024-10-29 0:00:00
534,BU3,Paid Search,CN_DemandGen_8,43559.23,2024-12-31 0:00:00
581,BU2,Organic Social,CN_DemandGen_8,72593.95,2024-04-21 0:00:00
603,BU5,Paid Social,CN_DemandGen_8,66918.28,2024-06-22 0:00:00
665,BU1,Display,CN_DemandGen_8,0,2023-11-29 0:00:00
666,BU5,Paid Social,CN_DemandGen_8,55403.92,2024-10-25 0:00:00
688,BU1,Display,CN_DemandGen_8,61292.66,2024-08-23 0:00:00
720,BU4,Organic Search,CN_DemandGen_8,60238.75,2023-10-22 0:00:00
775,BU4,Organic Search,CN_DemandGen_8,67025.53,2023-07-02 0:00:00
826,BU3,Paid Search,CN_DemandGen_8,64558.78,2023-10-05 0:00:00
835,BU5,Paid Social,CN_DemandGen_8,57270.07,2024-05-19 0:00:00
845,BU3,Paid Search,CN_DemandGen_8,65721.37,2023-08-25 0:00:00
877,BU2,Organic Social,CN_DemandGen_8,43933.89,2024-04-11 0:00:00
906,BU5,Paid Social,CN_DemandGen_8,66096.03,2024-11-17 0:00:00
125,BU2,Organic Social,CN_DemandGen_7,48541.35,2024-10-07 0:00:00
169,BU5,Paid Social,CN_DemandGen_7,61584.38,2024-11-16 0:00:00
182,BU1,Display,CN_DemandGen_7,51497.16,2024-11-27 0:00:00
206,BU3,Paid Search,CN_DemandGen_7,63775.14,2024-08-09 0:00:00
212,BU1,Display,CN_DemandGen_7,0,2024-10-22 0:00:00
246,BU1,Display,CN_DemandGen_7,45323.85,2024-08-17 0:00:00
266,BU2,Organic Social,CN_DemandGen_7,48528.48,2024-06-14 0:00:00
542,BU2,Organic Social,CN_DemandGen_7,0,2024-09-26 0:00:00
620,BU4,Organic Search,CN_DemandGen_7,0,2023-08-17 0:00:00
678,BU5,Paid Social,CN_DemandGen_7,56407.78,2023-09-12 0:00:00
696,BU3,Paid Search,CN_DemandGen_7,50479,2024-06-03 0:00:00
697,BU3,Paid Search,CN_DemandGen_7,58246.76,2024-06-23 0:00:00
740,BU4,Organic Search,CN_DemandGen_7,50160.11,2024-10-07 0:00:00
788,BU2,Organic Social,CN_DemandGen_7,59768.28,2024-07-28 0:00:00
809,BU4,Organic Search,CN_DemandGen_7,52644.02,2024-06-18 0:00:00
820,BU1,Display,CN_DemandGen_7,48156.68,2023-07-11 0:00:00
880,BU4,Organic Search,CN_DemandGen_7,65049.27,2024-09-01 0:00:00
884,BU4,Organic Search,CN_DemandGen_7,45476.86,2024-07-07 0:00:00
901,BU1,Display,CN_DemandGen_7,0,2023-11-06 0:00:00
907,BU3,Paid Search,CN_DemandGen_7,59663.89,2024-11-11 0:00:00
949,BU3,Paid Search,CN_DemandGen_7,54372.89,2024-07-04 0:00:00
999,BU5,Paid Social,CN_DemandGen_7,59164.82,2024-07-28 0:00:00
10,BU2,Organic Social,CN_DemandGen_6,73645,2024-12-29 0:00:00
18,BU1,Display,CN_DemandGen_6,55907.28,2024-12-30 0:00:00
20,BU5,Paid Social,CN_DemandGen_6,51118.21,2024-12-27 0:00:00
56,BU3,Paid Search,CN_DemandGen_6,67358.72,2024-12-26 0:00:00
78,BU4,Organic Search,CN_DemandGen_6,60294.52,2024-12-29 0:00:00
99,BU5,Paid Social,CN_DemandGen_6,66419.21,2024-12-02 0:00:00
128,BU3,Paid Search,CN_DemandGen_6,53270.36,2024-11-28 0:00:00
151,BU2,Organic Social,CN_DemandGen_6,-141.57,2024-11-28 0:00:00
247,BU5,Paid Social,CN_DemandGen_6,57770.57,2024-07-15 0:00:00
249,BU5,Paid Social,CN_DemandGen_6,74967.75,2024-10-31 0:00:00
253,BU4,Organic Search,CN_DemandGen_6,57371.6,2024-06-19 0:00:00
309,BU4,Organic Search,CN_DemandGen_6,0,2024-08-20 0:00:00
362,BU4,Organic Search,CN_DemandGen_6,0,2024-06-13 0:00:00
398,BU2,Organic Social,CN_DemandGen_6,53124.5,2024-12-13 0:00:00
470,BU4,Organic Search,CN_DemandGen_6,57673.33,2024-04-22 0:00:00
499,BU3,Paid Search,CN_DemandGen_6,0,2024-02-05 0:00:00
575,BU4,Organic Search,CN_DemandGen_6,54162.68,2024-01-05 0:00:00
619,BU3,Paid Search,CN_DemandGen_6,55913,2024-10-19 0:00:00
652,BU3,Paid Search,CN_DemandGen_6,71261.19,2024-02-17 0:00:00
752,BU4,Organic Search,CN_DemandGen_6,70457.53,2023-05-25 0:00:00
758,BU2,Organic Social,CN_DemandGen_6,0,2023-06-25 0:00:00
864,BU1,Display,CN_DemandGen_6,72356.57,2023-06-21 0:00:00
893,BU2,Organic Social,CN_DemandGen_6,57842.07,2024-01-23 0:00:00
929,BU5,Paid Social,CN_DemandGen_6,62904.27,2023-01-09 0:00:00
972,BU3,Paid Search,CN_DemandGen_6,58805.89,2024-08-13 0:00:00
998,BU4,Organic Search,CN_DemandGen_6,59932.73,2024-02-26 0:00:00
7,BU4,Organic Search,CN_DemandGen_5,0,2024-12-31 0:00:00
104,BU1,Display,CN_DemandGen_5,66590.81,2024-12-17 0:00:00
158,BU5,Paid Social,CN_DemandGen_5,62955.75,2024-09-18 0:00:00
210,BU3,Paid Search,CN_DemandGen_5,60274.5,2024-08-21 0:00:00
237,BU5,Paid Social,CN_DemandGen_5,56130.36,2024-08-26 0:00:00
367,BU5,Paid Social,CN_DemandGen_5,62904.27,2024-09-04 0:00:00
389,BU5,Paid Social,CN_DemandGen_5,0,2024-12-29 0:00:00
404,BU1,Display,CN_DemandGen_5,68750.11,2024-08-09 0:00:00
412,BU3,Paid Search,CN_DemandGen_5,48572.81,2024-09-12 0:00:00
457,BU4,Organic Search,CN_DemandGen_5,62681.19,2024-10-12 0:00:00
464,BU3,Paid Search,CN_DemandGen_5,52862.81,2024-05-23 0:00:00
471,BU3,Paid Search,CN_DemandGen_5,59069.01,2024-10-28 0:00:00
497,BU5,Paid Social,CN_DemandGen_5,50158.68,2024-05-09 0:00:00
501,BU5,Paid Social,CN_DemandGen_5,65452.53,2024-07-23 0:00:00
546,BU5,Paid Social,CN_DemandGen_5,59681.05,2024-05-12 0:00:00
559,BU4,Organic Search,CN_DemandGen_5,50074.31,2024-06-11 0:00:00
576,BU5,Paid Social,CN_DemandGen_5,68406.91,2024-02-04 0:00:00
606,BU1,Display,CN_DemandGen_5,56319.12,2024-12-01 0:00:00
608,BU3,Paid Search,CN_DemandGen_5,0,2023-09-11 0:00:00
651,BU2,Organic Social,CN_DemandGen_5,52299.39,2023-09-07 0:00:00
675,BU3,Paid Search,CN_DemandGen_5,55712.8,2024-02-04 0:00:00
747,BU2,Organic Social,CN_DemandGen_5,57593.25,2024-10-06 0:00:00
779,BU2,Organic Social,CN_DemandGen_5,53492.01,2023-06-12 0:00:00
842,BU3,Paid Search,CN_DemandGen_5,67240.03,2024-12-18 0:00:00
912,BU4,Organic Search,CN_DemandGen_5,55401.06,2024-12-17 0:00:00
994,BU2,Organic Social,CN_DemandGen_5,0,2023-05-02 0:00:00
45,BU2,Organic Social,CN_DemandGen_4,0,2024-11-27 0:00:00
119,BU2,Organic Social,CN_DemandGen_4,55253.77,2024-10-27 0:00:00
190,BU2,Organic Social,CN_DemandGen_4,52349.44,2024-09-23 0:00:00
214,BU2,Organic Social,CN_DemandGen_4,52300.82,2024-08-01 0:00:00
240,BU5,Paid Social,CN_DemandGen_4,56276.22,2024-07-12 0:00:00
274,BU2,Organic Social,CN_DemandGen_4,0,2024-11-06 0:00:00
301,BU3,Paid Search,CN_DemandGen_4,44550.22,2024-12-24 0:00:00
363,BU1,Display,CN_DemandGen_4,60417.5,2024-05-30 0:00:00
440,BU1,Display,CN_DemandGen_4,74664.59,2024-02-20 0:00:00
491,BU1,Display,CN_DemandGen_4,58190.99,2024-03-24 0:00:00
538,BU3,Paid Search,CN_DemandGen_4,53986.79,2024-04-30 0:00:00
594,BU3,Paid Search,CN_DemandGen_4,55569.8,2024-03-08 0:00:00
613,BU2,Organic Social,CN_DemandGen_4,58502.73,2024-03-13 0:00:00
629,BU2,Organic Social,CN_DemandGen_4,56635.15,2024-07-16 0:00:00
647,BU2,Organic Social,CN_DemandGen_4,63517.74,2023-11-08 0:00:00
648,BU3,Paid Search,CN_DemandGen_4,61146.8,2023-10-20 0:00:00
662,BU3,Paid Search,CN_DemandGen_4,66479.27,2024-03-06 0:00:00
673,BU3,Paid Search,CN_DemandGen_4,53367.6,2024-03-06 0:00:00
699,BU5,Paid Social,CN_DemandGen_4,51751.7,2024-12-20 0:00:00
874,BU3,Paid Search,CN_DemandGen_4,0,2024-11-26 0:00:00
935,BU5,Paid Social,CN_DemandGen_4,51329.85,2023-01-15 0:00:00
938,BU2,Organic Social,CN_DemandGen_4,58638.58,2023-11-15 0:00:00
30,BU5,Paid Social,CN_DemandGen_3,47508.89,2024-12-13 0:00:00
47,BU1,Display,cn_DemandGen_3,73855.21,2024-12-31 0:00:00
109,BU1,Display,CN_DemandGen_3,53872.39,2024-11-07 0:00:00
123,BU2,Organic Social,CN_DemandGen_3,53762.28,2024-12-04 0:00:00
154,BU5,Paid Social,CN_DemandGen_3,73816.6,2024-10-29 0:00:00
155,BU4,Organic Search,CN_DemandGen_3,55544.06,2024-10-14 0:00:00
176,BU1,Display,CN_DemandGen_3,63467.69,2024-11-02 0:00:00
185,BU5,Paid Social,CN_DemandGen_3,0,2024-10-21 0:00:00
189,BU1,Display,CN_DemandGen_3,71737.38,2024-12-14 0:00:00
234,BU5,Paid Social,CN_DemandGen_3,59280.65,2024-12-31 0:00:00
324,BU5,Paid Social,CN_DemandGen_3,73047.26,2024-08-14 0:00:00
397,BU1,Display,CN_DemandGen_3,55475.42,2024-04-15 0:00:00
479,BU2,Organic Social,CN_DemandGen_3,71365.58,2024-12-17 0:00:00
571,BU5,Paid Social,CN_DemandGen_3,57736.25,2024-09-25 0:00:00
645,BU1,Display,CN_DemandGen_3,56853.94,2024-06-11 0:00:00
690,BU3,Paid Search,CN_DemandGen_3,71668.74,2024-02-14 0:00:00
701,BU3,Paid Search,CN_DemandGen_3,0,2023-09-13 0:00:00
721,BU5,Paid Social,CN_DemandGen_3,0,2023-10-02 0:00:00
800,BU1,Display,CN_DemandGen_3,55815.76,2023-05-02 0:00:00
811,BU5,Paid Social,CN_DemandGen_3,71196.84,2023-11-23 0:00:00
961,BU1,Display,CN_DemandGen_3,66753.83,2024-09-14 0:00:00
987,BU4,Organic Search,CN_DemandGen_3,58291.09,2024-11-16 0:00:00
66,BU5,Paid Social,CN_DemandGen_2,48036.56,2024-11-30 0:00:00
143,BU3,Paid Search,CN_DemandGen_2,61618.7,2024-10-30 0:00:00
202,BU3,Paid Search,CN_DemandGen_2,69096.17,2024-10-06 0:00:00
281,BU2,Organic Social,CN_DemandGen_2,52974.35,2024-10-30 0:00:00
425,BU4,Organic Search,CN_DemandGen_2,60737.82,2024-03-19 0:00:00
430,BU2,Organic Social,CN_DemandGen_2,50649.17,2024-02-04 0:00:00
578,BU2,Organic Social,CN_DemandGen_2,69304.95,2023-09-24 0:00:00
592,BU5,Paid Social,CN_DemandGen_2,50583.39,2024-06-13 0:00:00
705,BU4,Organic Search,CN_DemandGen_2,58690.06,2023-11-28 0:00:00
945,BU2,Organic Social,CN_DemandGen_2,0,2024-01-14 0:00:00
986,BU2,Organic Social,cn_DemandGen_2,0,2024-09-15 0:00:00
990,BU2,Organic Social,CN_DemandGen_2,48159.54,2023-01-10 0:00:00
81,BU2,Organic Social,CN_DemandGen_10,51002.38,2024-11-02 0:00:00
91,BU1,Display,CN_DemandGen_10,59806.89,2024-12-01 0:00:00
314,BU2,Organic Social,CN_DemandGen_10,0,2024-11-01 0:00:00
315,BU4,Organic Search,CN_DemandGen_10,0,2024-06-21 0:00:00
345,BU4,Organic Search,CN_DemandGen_10,58318.26,2024-05-16 0:00:00
394,BU2,Organic Social,CN_DemandGen_10,67523.17,2024-12-01 0:00:00
408,BU4,Organic Search,CN_DemandGen_10,70579.08,2024-10-16 0:00:00
458,BU3,Paid Search,CN_DemandGen_10,47433.1,2024-05-06 0:00:00
517,BU3,Paid Search,CN_DemandGen_10,0,2024-02-21 0:00:00
541,BU2,Organic Social,CN_DemandGen_10,63838.06,2024-06-26 0:00:00
556,BU3,Paid Search,CN_DemandGen_10,50649.17,2024-06-02 0:00:00
589,BU4,Organic Search,CN_DemandGen_10,59339.28,2024-06-19 0:00:00
628,BU3,Paid Search,CN_DemandGen_10,60692.06,2023-09-04 0:00:00
637,BU1,Display,CN_DemandGen_10,0,2024-02-09 0:00:00
646,BU3,Paid Search,CN_DemandGen_10,64741.82,2023-09-04 0:00:00
702,BU3,Paid Search,cn_DemandGen_10,58122.35,2023-06-26 0:00:00
969,BU2,Organic Social,CN_DemandGen_10,0,2023-07-18 0:00:00
993,BU4,Organic Search,CN_DemandGen_10,54716.09,2022-10-28 0:00:00
3,BU3,Paid Search,CN_DemandGen_1,62985.78,2024-12-30 0:00:00
13,BU3,Paid Search,CN_DemandGen_1,0,2024-12-22 0:00:00
39,BU1,Display,CN_DemandGen_1,63085.88,2024-12-29 0:00:00
227,BU2,Organic Social,CN_DemandGen_1,60965.19,2024-12-25 0:00:00
349,BU4,Organic Search,CN_DemandGen_1,58785.87,2024-05-31 0:00:00
391,BU2,Organic Social,CN_DemandGen_1,58188.13,2024-12-03 0:00:00
392,BU2,Organic Social,CN_DemandGen_1,0,2024-09-06 0:00:00
467,BU5,Paid Social,CN_DemandGen_1,51836.07,2024-01-12 0:00:00
496,BU4,Organic Search,CN_DemandGen_1,55484,2024-09-04 0:00:00
568,BU4,Organic Search,CN_DemandGen_1,58345.43,2024-05-02 0:00:00
605,BU3,Paid Search,CN_DemandGen_1,49894.13,2024-11-12 0:00:00
607,BU4,Organic Search,CN_DemandGen_1,0,2024-02-18 0:00:00
626,BU1,Display,CN_DemandGen_1,63810.89,2024-01-02 0:00:00
671,BU1,Display,CN_DemandGen_1,59979.92,2024-07-03 0:00:00
711,BU4,Organic Search,CN_DemandGen_1,54144.09,2023-10-05 0:00:00
757,BU2,Organic Social,CN_DemandGen_1,0,2024-01-24 0:00:00
885,BU3,Paid Search,CN_DemandGen_1,0,2023-06-21 0:00:00
896,BU5,Paid Social,CN_DemandGen_1,55085.03,2024-03-14 0:00:00
900,BU5,Paid Social,CN_DemandGen_1,56875.39,2023-05-04 0:00:00
942,BU5,Paid Social,CN_DemandGen_1,54501.59,2023-07-27 0:00:00
962,BU2,Organic Social,CN_DemandGen_1,63502.01,2023-10-05 0:00:00
974,BU2,Organic Social,CN_DemandGen_1,43775.16,2024-07-18 0:00:00
55,BU4,Organic Search,CN_DemandGen_0,68770.13,2024-12-09 0:00:00
80,BU4,Organic Search,CN_DemandGen_0,65300.95,2024-12-19 0:00:00
139,BU2,Organic Social,CN_DemandGen_0,54382.9,2024-09-29 0:00:00
164,BU1,Display,CN_DemandGen_0,67125.63,2024-12-21 0:00:00
265,BU2,Organic Social,CN_DemandGen_0,75851.49,2024-06-17 0:00:00
293,BU2,Organic Social,CN_DemandGen_0,58797.31,2024-08-08 0:00:00
300,BU3,Paid Search,CN_DemandGen_0,57730.53,2024-11-20 0:00:00
311,BU3,Paid Search,CN_DemandGen_0,50815.05,2024-06-20 0:00:00
338,BU3,Paid Search,CN_DemandGen_0,51061.01,2024-06-09 0:00:00
372,BU5,Paid Social,CN_DemandGen_0,50230.18,2024-08-08 0:00:00
429,BU3,Paid Search,CN_DemandGen_0,58627.14,2024-07-06 0:00:00
468,BU1,Display,CN_DemandGen_0,65012.09,2024-05-16 0:00:00
486,BU2,Organic Social,CN_DemandGen_0,60211.58,2024-09-02 0:00:00
505,BU5,Paid Social,CN_DemandGen_0,66047.41,2024-01-16 0:00:00
621,BU2,Organic Social,CN_DemandGen_0,60125.78,2023-11-21 0:00:00
638,BU4,Organic Search,CN_DemandGen_0,49100.48,2024-03-24 0:00:00
659,BU3,Paid Search,CN_DemandGen_0,59001.8,2023-11-14 0:00:00
669,BU4,Organic Search,CN_DemandGen_0,-141.57,2024-11-03 0:00:00
762,BU5,Paid Social,CN_DemandGen_0,59496.58,2023-11-10 0:00:00
855,BU4,Organic Search,CN_DemandGen_0,50573.38,2023-04-13 0:00:00
869,BU2,Organic Social,CN_DemandGen_0,0,2024-03-04 0:00:00
905,BU3,Paid Search,CN_DemandGen_0,55275.22,2023-11-13 0:00:00
37,BU2,Organic Social,CN_Brand_9,0,2024-12-31 0:00:00
172,BU5,Paid Social,CN_Brand_9,111537.14,2024-11-10 0:00:00
184,BU1,Display,CN_Brand_9,118502.67,2024-11-29 0:00:00
209,BU4,Organic Search,CN_Brand_9,133297.45,2024-11-10 0:00:00
232,BU5,Paid Social,CN_Brand_9,120759.21,2024-11-18 0:00:00
254,BU5,Paid Social,CN_Brand_9,97055.53,2024-07-26 0:00:00
282,BU1,Display,CN_Brand_9,97335.81,2024-08-01 0:00:00
342,BU2,Organic Social,CN_Brand_9,116586.47,2024-05-12 0:00:00
377,BU3,Paid Search,CN_Brand_9,111305.48,2024-06-10 0:00:00
419,BU2,Organic Social,CN_Brand_9,0,2024-05-31 0:00:00
436,BU5,Paid Social,CN_Brand_9,0,2024-10-22 0:00:00
454,BU4,Organic Search,CN_Brand_9,106369.12,2024-08-18 0:00:00
460,BU3,Paid Search,CN_Brand_9,117291.46,2024-11-20 0:00:00
516,BU3,Paid Search,CN_Brand_9,110087.12,2023-12-27 0:00:00
529,BU2,Organic Social,CN_Brand_9,102422.32,2023-12-15 0:00:00
540,BU4,Organic Search,CN_Brand_9,108787.25,2023-10-20 0:00:00
588,BU1,Display,CN_Brand_9,0,2024-11-22 0:00:00
593,BU4,Organic Search,CN_Brand_9,90972.31,2024-07-16 0:00:00
668,BU5,Paid Social,CN_Brand_9,111800.26,2024-12-31 0:00:00
674,BU2,Organic Social,CN_Brand_9,125436.74,2024-12-07 0:00:00
718,BU1,Display,CN_Brand_9,0,2024-07-23 0:00:00
746,BU4,Organic Search,CN_Brand_9,-141.57,2024-12-29 0:00:00
753,BU2,Organic Social,CN_Brand_9,117596.05,2023-05-10 0:00:00
924,BU2,Organic Social,CN_Brand_9,96822.44,2023-10-09 0:00:00
983,BU2,Organic Social,CN_Brand_9,0,2023-06-12 0:00:00
985,BU2,Organic Social,CN_Brand_9,122565.3,2023-11-27 0:00:00
1000,BU4,Organic Search,CN_Brand_9,113903.79,2023-09-23 0:00:00
28,BU1,Display,CN_Brand_8,130544.7,2024-12-28 0:00:00
48,BU3,Paid Search,CN_Brand_8,111261.15,2024-12-08 0:00:00
58,BU3,Paid Search,cn_Brand_8,0,2024-12-26 0:00:00
110,BU5,Paid Social,CN_Brand_8,109998.46,2024-11-01 0:00:00
270,BU3,Paid Search,CN_Brand_8,121604.34,2024-11-29 0:00:00
283,BU1,Display,CN_Brand_8,106357.68,2024-12-29 0:00:00
297,BU5,Paid Social,CN_Brand_8,111575.75,2024-09-08 0:00:00
332,BU2,Organic Social,CN_Brand_8,127434.45,2024-10-02 0:00:00
364,BU1,Display,CN_Brand_8,120620.5,2024-05-25 0:00:00
375,BU2,Organic Social,CN_Brand_8,128561.29,2024-12-02 0:00:00
386,BU3,Paid Search,CN_Brand_8,122898.49,2024-07-31 0:00:00
415,BU5,Paid Social,CN_Brand_8,124242.69,2024-02-08 0:00:00
469,BU3,Paid Search,CN_Brand_8,129643.8,2024-01-13 0:00:00
522,BU1,Display,CN_Brand_8,126778.08,2023-11-12 0:00:00
525,BU2,Organic Social,CN_Brand_8,123888.05,2024-05-29 0:00:00
548,BU1,Display,CN_Brand_8,114205.52,2024-09-29 0:00:00
549,BU1,Display,CN_Brand_8,96873.92,2023-10-31 0:00:00
602,BU5,Paid Social,CN_Brand_8,118940.25,2024-12-11 0:00:00
617,BU4,Organic Search,CN_Brand_8,118039.35,2024-11-19 0:00:00
632,BU4,Organic Search,CN_Brand_8,119752.49,2024-02-07 0:00:00
641,BU2,Organic Social,CN_Brand_8,0,2024-01-02 0:00:00
649,BU4,Organic Search,CN_Brand_8,105079.26,2023-12-21 0:00:00
723,BU4,Organic Search,CN_Brand_8,110154.33,2024-03-03 0:00:00
768,BU4,Organic Search,CN_Brand_8,120142.88,2024-05-02 0:00:00
791,BU3,Paid Search,CN_Brand_8,115326.64,2024-07-28 0:00:00
807,BU3,Paid Search,CN_Brand_8,105865.76,2024-11-28 0:00:00
856,BU5,Paid Social,CN_Brand_8,118981.72,2024-10-07 0:00:00
921,BU5,Paid Social,CN_Brand_8,109211.96,2024-02-09 0:00:00
932,BU1,Display,CN_Brand_8,103695.02,2024-08-30 0:00:00
937,BU2,Organic Social,CN_Brand_8,0,2024-03-18 0:00:00
22,BU4,Organic Search,CN_Brand_7,0,2024-12-20 0:00:00
64,BU4,Organic Search,CN_Brand_7,100135.75,2024-12-21 0:00:00
71,BU5,Paid Social,CN_Brand_7,88944.57,2024-12-13 0:00:00
115,BU3,Paid Search,CN_Brand_7,0,2024-12-24 0:00:00
144,BU5,Paid Social,CN_Brand_7,126460.62,2024-09-19 0:00:00
161,BU2,Organic Social,CN_Brand_7,102200.67,2024-12-23 0:00:00
171,BU2,Organic Social,CN_Brand_7,114497.24,2024-09-11 0:00:00
248,BU2,Organic Social,CN_Brand_7,112059.09,2024-07-05 0:00:00
285,BU3,Paid Search,CN_Brand_7,86061.69,2024-10-16 0:00:00
291,BU2,Organic Social,CN_Brand_7,115558.3,2024-05-29 0:00:00
393,BU5,Paid Social,CN_Brand_7,0,2024-03-10 0:00:00
399,BU1,Display,CN_Brand_7,125446.75,2024-03-02 0:00:00
403,BU3,Paid Search,CN_Brand_7,110367.4,2024-11-10 0:00:00
421,BU3,Paid Search,CN_Brand_7,93480.53,2024-08-28 0:00:00
437,BU1,Display,CN_Brand_7,102026.21,2024-05-28 0:00:00
459,BU3,Paid Search,CN_Brand_7,114218.39,2024-05-03 0:00:00
484,BU5,Paid Social,CN_Brand_7,133042.91,2024-09-28 0:00:00
485,BU3,Paid Search,CN_Brand_7,101018.06,2024-08-23 0:00:00
493,BU5,Paid Social,CN_Brand_7,0,2024-07-05 0:00:00
562,BU5,Paid Social,CN_Brand_7,116692.29,2024-12-11 0:00:00
585,BU2,Organic Social,CN_Brand_7,107843.45,2024-05-25 0:00:00
642,BU3,Paid Search,CN_Brand_7,113490.52,2024-06-14 0:00:00
663,BU3,Paid Search,CN_Brand_7,110912.23,2023-12-09 0:00:00
672,BU1,Display,CN_Brand_7,119033.2,2023-09-15 0:00:00
733,BU1,Display,CN_Brand_7,0,2023-07-08 0:00:00
756,BU2,Organic Social,CN_Brand_7,102764.09,2024-08-16 0:00:00
772,BU5,Paid Social,CN_Brand_7,90797.85,2023-06-03 0:00:00
781,BU1,Display,CN_Brand_7,104126.88,2024-02-13 0:00:00
797,BU3,Paid Search,CN_Brand_7,105880.06,2023-06-09 0:00:00
841,BU3,Paid Search,CN_Brand_7,101560.03,2023-10-01 0:00:00
853,BU5,Paid Social,CN_Brand_7,107942.12,2023-02-19 0:00:00
860,BU5,Paid Social,CN_Brand_7,0,2023-04-16 0:00:00
865,BU3,Paid Search,CN_Brand_7,94670.29,2023-07-13 0:00:00
931,BU5,Paid Social,CN_Brand_7,0,2024-08-13 0:00:00
951,BU4,Organic Search,CN_Brand_7,0,2024-06-14 0:00:00
21,BU2,Organic Social,CN_Brand_6,116507.82,2024-12-24 0:00:00
63,BU3,Paid Search,CN_Brand_6,109936.97,2024-11-25 0:00:00
68,BU2,Organic Social,CN_Brand_6,136038.76,2024-11-07 0:00:00
72,BU3,Paid Search,CN_Brand_6,123850.87,2024-11-29 0:00:00
93,BU2,Organic Social,CN_Brand_6,122742.62,2024-11-11 0:00:00
107,BU3,Paid Search,CN_Brand_6,82829.89,2024-10-11 0:00:00
135,BU5,Paid Social,CN_Brand_6,111136.74,2024-10-31 0:00:00
264,BU4,Organic Search,CN_Brand_6,90693.46,2024-11-03 0:00:00
273,BU3,Paid Search,CN_Brand_6,120448.9,2024-11-09 0:00:00
298,BU5,Paid Social,CN_Brand_6,114558.73,2024-09-16 0:00:00
365,BU4,Organic Search,CN_Brand_6,96805.28,2024-09-16 0:00:00
366,BU3,Paid Search,CN_Brand_6,124189.78,2024-11-24 0:00:00
373,BU1,Display,CN_Brand_6,117039.78,2024-12-19 0:00:00
374,BU3,Paid Search,CN_Brand_6,0,2024-03-11 0:00:00
409,BU5,Paid Social,CN_Brand_6,114351.38,2024-07-23 0:00:00
413,BU1,Display,CN_Brand_6,0,2024-05-13 0:00:00
448,BU3,Paid Search,CN_Brand_6,120690.57,2024-10-09 0:00:00
551,BU4,Organic Search,CN_Brand_6,0,2024-12-27 0:00:00
577,BU5,Paid Social,CN_Brand_6,119044.64,2023-11-05 0:00:00
630,BU3,Paid Search,CN_Brand_6,0,2024-04-04 0:00:00
634,BU1,Display,CN_Brand_6,122207.8,2024-03-02 0:00:00
685,BU2,Organic Social,CN_Brand_6,0,2024-10-16 0:00:00
692,BU2,Organic Social,CN_Brand_6,120481.79,2023-10-14 0:00:00
719,BU5,Paid Social,CN_Brand_6,113920.95,2024-02-23 0:00:00
946,BU4,Organic Search,CN_Brand_6,116540.71,2023-10-22 0:00:00
959,BU5,Paid Social,CN_Brand_6,113447.62,2024-09-02 0:00:00
971,BU3,Paid Search,CN_Brand_6,143094.38,2024-06-21 0:00:00
977,BU1,Display,CN_Brand_6,89337.82,2023-07-28 0:00:00
14,BU3,Paid Search,CN_Brand_5,101677.29,2024-12-26 0:00:00
25,BU4,Organic Search,CN_Brand_5,114543,2024-12-24 0:00:00
94,BU1,Display,CN_Brand_5,101547.16,2024-10-26 0:00:00
101,BU1,Display,CN_Brand_5,122270.72,2024-11-11 0:00:00
133,BU5,Paid Social,CN_Brand_5,117370.11,2024-12-11 0:00:00
145,BU4,Organic Search,CN_Brand_5,106060.24,2024-12-20 0:00:00
180,BU1,Display,CN_Brand_5,136376.24,2024-09-21 0:00:00
262,BU3,Paid Search,CN_Brand_5,93853.76,2024-10-20 0:00:00
321,BU5,Paid Social,CN_Brand_5,130337.35,2024-10-29 0:00:00
351,BU5,Paid Social,CN_Brand_5,114750.35,2024-05-20 0:00:00
396,BU5,Paid Social,CN_Brand_5,100549.02,2024-06-02 0:00:00
420,BU4,Organic Search,CN_Brand_5,116736.62,2024-09-24 0:00:00
422,BU3,Paid Search,CN_Brand_5,118695.72,2024-08-20 0:00:00
456,BU5,Paid Social,CN_Brand_5,0,2024-05-23 0:00:00
463,BU1,Display,CN_Brand_5,98170.93,2023-12-30 0:00:00
536,BU3,Paid Search,CN_Brand_5,0,2024-03-27 0:00:00
550,BU3,Paid Search,CN_Brand_5,129911.21,2024-12-04 0:00:00
586,BU4,Organic Search,CN_Brand_5,101698.74,2024-01-29 0:00:00
595,BU4,Organic Search,CN_Brand_5,106835.3,2023-09-20 0:00:00
624,BU4,Organic Search,CN_Brand_5,111123.87,2024-02-22 0:00:00
693,BU5,Paid Social,CN_Brand_5,116974,2023-12-18 0:00:00
734,BU1,Display,CN_Brand_5,115804.26,2024-10-14 0:00:00
738,BU5,Paid Social,CN_Brand_5,128965.98,2024-06-13 0:00:00
776,BU2,Organic Social,CN_Brand_5,118890.2,2023-11-21 0:00:00
798,BU1,Display,CN_Brand_5,106587.91,2024-11-02 0:00:00
822,BU5,Paid Social,CN_Brand_5,0,2024-02-20 0:00:00
891,BU1,Display,CN_Brand_5,116144.6,2023-03-02 0:00:00
913,BU2,Organic Social,CN_Brand_5,131020.89,2024-01-15 0:00:00
991,BU2,Organic Social,cn_Brand_5,100222.98,2023-12-20 0:00:00
131,BU2,Organic Social,CN_Brand_4,128528.4,2024-09-27 0:00:00
183,BU2,Organic Social,CN_Brand_4,0,2024-08-29 0:00:00
207,BU1,Display,CN_Brand_4,0,2024-09-08 0:00:00
215,BU4,Organic Search,CN_Brand_4,112039.07,2024-09-30 0:00:00
220,BU1,Display,CN_Brand_4,113251.71,2024-08-12 0:00:00
222,BU1,Display,CN_Brand_4,95902.95,2024-08-22 0:00:00
223,BU5,Paid Social,CN_Brand_4,135895.76,2024-11-11 0:00:00
225,BU4,Organic Search,CN_Brand_4,123017.18,2024-10-19 0:00:00
387,BU1,Display,CN_Brand_4,118093.69,2024-11-28 0:00:00
388,BU5,Paid Social,CN_Brand_4,103380.42,2024-09-24 0:00:00
433,BU4,Organic Search,CN_Brand_4,108664.27,2024-04-09 0:00:00
610,BU1,Display,CN_Brand_4,109199.09,2024-03-25 0:00:00
639,BU5,Paid Social,CN_Brand_4,0,2024-02-15 0:00:00
677,BU5,Paid Social,CN_Brand_4,0,2024-01-06 0:00:00
741,BU5,Paid Social,CN_Brand_4,93856.62,2024-03-24 0:00:00
784,BU3,Paid Search,CN_Brand_4,0,2024-02-09 0:00:00
787,BU2,Organic Social,CN_Brand_4,82701.19,2023-09-24 0:00:00
806,BU3,Paid Search,CN_Brand_4,0,2023-12-20 0:00:00
813,BU5,Paid Social,CN_Brand_4,118770.08,2024-07-18 0:00:00
867,BU1,Display,CN_Brand_4,116476.36,2024-03-25 0:00:00
871,BU1,Display,CN_Brand_4,107744.78,2024-08-15 0:00:00
888,BU3,Paid Search,CN_Brand_4,0,2023-07-08 0:00:00
918,BU2,Organic Social,CN_Brand_4,119500.81,2023-10-12 0:00:00
923,BU2,Organic Social,CN_Brand_4,113817.99,2023-07-22 0:00:00
952,BU5,Paid Social,CN_Brand_4,116078.82,2022-12-21 0:00:00
982,BU1,Display,CN_Brand_4,98800.13,2022-12-22 0:00:00
26,BU1,Display,CN_Brand_3,0,2024-12-11 0:00:00
50,BU3,Paid Search,CN_Brand_3,-141.57,2024-12-16 0:00:00
79,BU3,Paid Search,CN_Brand_3,128249.55,2024-12-17 0:00:00
112,BU3,Paid Search,CN_Brand_3,0,2024-12-27 0:00:00
168,BU1,Display,CN_Brand_3,112355.1,2024-11-06 0:00:00
226,BU2,Organic Social,CN_Brand_3,107450.2,2024-08-23 0:00:00
239,BU1,Display,CN_Brand_3,107503.11,2024-12-27 0:00:00
306,BU2,Organic Social,CN_Brand_3,110217.25,2024-12-05 0:00:00
344,BU5,Paid Social,CN_Brand_3,140091.38,2024-11-27 0:00:00
498,BU5,Paid Social,CN_Brand_3,126442.03,2024-08-18 0:00:00
552,BU4,Organic Search,CN_Brand_3,0,2024-04-09 0:00:00
616,BU1,Display,CN_Brand_3,102838.45,2024-11-12 0:00:00
770,BU1,Display,CN_Brand_3,123747.91,2024-08-02 0:00:00
914,BU5,Paid Social,CN_Brand_3,113539.14,2024-10-10 0:00:00
5,BU2,Organic Social,CN_Brand_2,110752.07,2024-12-30 0:00:00
59,BU4,Organic Search,cn_Brand_2,108780.1,2024-12-18 0:00:00
85,BU2,Organic Social,CN_Brand_2,106805.27,2024-11-16 0:00:00
106,BU1,Display,CN_Brand_2,116842.44,2024-10-22 0:00:00
137,BU3,Paid Search,CN_Brand_2,126570.73,2024-09-23 0:00:00
152,BU2,Organic Social,CN_Brand_2,113849.45,2024-11-17 0:00:00
233,BU3,Paid Search,CN_Brand_2,0,2024-09-22 0:00:00
259,BU3,Paid Search,CN_Brand_2,88677.16,2024-06-10 0:00:00
289,BU1,Display,CN_Brand_2,0,2024-06-05 0:00:00
313,BU2,Organic Social,CN_Brand_2,109929.82,2024-06-03 0:00:00
426,BU4,Organic Search,CN_Brand_2,0,2024-12-13 0:00:00
515,BU3,Paid Search,CN_Brand_2,115841.44,2024-03-04 0:00:00
612,BU3,Paid Search,CN_Brand_2,100762.09,2024-10-10 0:00:00
682,BU3,Paid Search,CN_Brand_2,0,2023-07-12 0:00:00
745,BU5,Paid Social,CN_Brand_2,129387.83,2024-09-12 0:00:00
761,BU4,Organic Search,CN_Brand_2,112702.59,2024-01-25 0:00:00
777,BU1,Display,CN_Brand_2,92877.07,2023-04-16 0:00:00
810,BU4,Organic Search,CN_Brand_2,113562.02,2024-02-20 0:00:00
824,BU1,Display,CN_Brand_2,127348.65,2024-01-30 0:00:00
903,BU2,Organic Social,CN_Brand_2,115223.68,2023-08-02 0:00:00
919,BU1,Display,CN_Brand_2,102390.86,2023-05-06 0:00:00
62,BU3,Paid Search,CN_Brand_10,81262.61,2024-11-29 0:00:00
116,BU3,Paid Search,CN_Brand_10,110051.37,2024-12-12 0:00:00
252,BU2,Organic Social,CN_Brand_10,123254.56,2024-07-08 0:00:00
260,BU5,Paid Social,CN_Brand_10,91989.04,2024-06-18 0:00:00
380,BU3,Paid Search,CN_Brand_10,109874.05,2024-08-12 0:00:00
381,BU3,Paid Search,CN_Brand_10,0,2024-10-13 0:00:00
439,BU5,Paid Social,CN_Brand_10,119945.54,2024-05-05 0:00:00
450,BU3,Paid Search,CN_Brand_10,116740.91,2024-07-28 0:00:00
476,BU5,Paid Social,CN_Brand_10,105605.5,2024-08-06 0:00:00
524,BU1,Display,CN_Brand_10,126158.89,2024-03-03 0:00:00
554,BU2,Organic Social,CN_Brand_10,0,2024-09-30 0:00:00
598,BU3,Paid Search,CN_Brand_10,113298.9,2024-11-19 0:00:00
631,BU3,Paid Search,CN_Brand_10,118259.57,2024-03-29 0:00:00
644,BU1,Display,CN_Brand_10,114155.47,2023-09-18 0:00:00
759,BU1,Display,CN_Brand_10,127248.55,2024-06-09 0:00:00
771,BU1,Display,CN_Brand_10,131009.45,2024-01-04 0:00:00
802,BU1,Display,CN_Brand_10,104451.49,2023-05-27 0:00:00
873,BU3,Paid Search,CN_Brand_10,0,2023-12-03 0:00:00
879,BU4,Organic Search,CN_Brand_10,115186.5,2023-03-21 0:00:00
883,BU1,Display,CN_Brand_10,0,2023-09-09 0:00:00
911,BU5,Paid Social,CN_Brand_10,119791.1,2024-10-23 0:00:00
976,BU2,Organic Social,CN_Brand_10,99708.18,2023-02-06 0:00:00
1,BU5,Paid Social,CN_Brand_1,102529.57,2024-12-31 0:00:00
163,BU3,Paid Search,CN_Brand_1,113067.24,2024-09-17 0:00:00
178,BU1,Display,CN_Brand_1,131042.34,2024-10-19 0:00:00
181,BU4,Organic Search,CN_Brand_1,105170.78,2024-08-19 0:00:00
192,BU2,Organic Social,CN_Brand_1,117852.02,2024-11-23 0:00:00
280,BU2,Organic Social,CN_Brand_1,121345.51,2024-10-15 0:00:00
294,BU1,Display,CN_Brand_1,0,2024-05-21 0:00:00
335,BU4,Organic Search,CN_Brand_1,111721.61,2024-10-01 0:00:00
376,BU4,Organic Search,CN_Brand_1,0,2024-10-25 0:00:00
390,BU4,Organic Search,CN_Brand_1,110345.95,2024-03-03 0:00:00
405,BU1,Display,CN_Brand_1,104112.58,2024-04-18 0:00:00
418,BU5,Paid Social,CN_Brand_1,121136.73,2024-04-14 0:00:00
431,BU1,Display,CN_Brand_1,128511.24,2024-05-17 0:00:00
528,BU4,Organic Search,CN_Brand_1,0,2024-03-24 0:00:00
687,BU3,Paid Search,CN_Brand_1,142162.02,2024-08-22 0:00:00
782,BU2,Organic Social,CN_Brand_1,106490.67,2024-01-25 0:00:00
827,BU3,Paid Search,CN_Brand_1,101624.38,2024-08-01 0:00:00
943,BU5,Paid Social,CN_Brand_1,0,2024-03-23 0:00:00
950,BU4,Organic Search,CN_Brand_1,99359.26,2022-12-16 0:00:00
967,BU1,Display,CN_Brand_1,119955.55,2024-12-23 0:00:00
980,BU5,Paid Social,CN_Brand_1,127964.98,2024-06-05 0:00:00
73,BU2,Organic Social,CN_Brand_0,0,2024-11-29 0:00:00
83,BU2,Organic Social,CN_Brand_0,123777.94,2024-11-16 0:00:00
118,BU5,Paid Social,CN_Brand_0,108853.03,2024-10-20 0:00:00
160,BU5,Paid Social,CN_Brand_0,130381.68,2024-10-20 0:00:00
198,BU3,Paid Search,CN_Brand_0,0,2024-11-02 0:00:00
211,BU4,Organic Search,CN_Brand_0,97677.58,2024-10-31 0:00:00
243,BU1,Display,CN_Brand_0,0,2024-12-06 0:00:00
326,BU4,Organic Search,CN_Brand_0,126655.1,2024-09-01 0:00:00
331,BU1,Display,CN_Brand_0,123620.64,2024-11-26 0:00:00
346,BU3,Paid Search,CN_Brand_0,114131.16,2024-12-07 0:00:00
368,BU5,Paid Social,CN_Brand_0,91156.78,2024-11-28 0:00:00
483,BU5,Paid Social,CN_Brand_0,113378.98,2024-10-01 0:00:00
488,BU4,Organic Search,CN_Brand_0,108957.42,2024-11-16 0:00:00
543,BU5,Paid Social,CN_Brand_0,118532.7,2024-06-12 0:00:00
570,BU1,Display,CN_Brand_0,102132.03,2024-07-01 0:00:00
583,BU3,Paid Search,CN_Brand_0,0,2024-10-06 0:00:00
587,BU5,Paid Social,CN_Brand_0,98150.91,2024-06-09 0:00:00
615,BU5,Paid Social,CN_Brand_0,117457.34,2023-11-02 0:00:00
618,BU3,Paid Search,CN_Brand_0,0,2024-07-28 0:00:00
730,BU3,Paid Search,CN_Brand_0,0,2023-08-01 0:00:00
732,BU3,Paid Search,CN_Brand_0,132825.55,2024-10-30 0:00:00
766,BU5,Paid Social,CN_Brand_0,111362.68,2024-05-04 0:00:00
786,BU2,Organic Social,CN_Brand_0,115674.13,2023-06-09 0:00:00
803,BU2,Organic Social,CN_Brand_0,105654.12,2024-10-31 0:00:00
805,BU4,Organic Search,CN_Brand_0,99397.87,2023-12-14 0:00:00
829,BU3,Paid Search,CN_Brand_0,111395.57,2023-08-11 0:00:00
830,BU4,Organic Search,CN_Brand_0,105741.35,2023-11-19 0:00:00
936,BU1,Display,CN_Brand_0,131365.52,2023-05-15 0:00:00
958,BU1,Display,CN_Brand_0,125139.3,2024-05-13 0:00:00
2,BU1,Display,,73234.59,2024-12-31 0:00:00
9,BU3,Paid Search,,54475.85,2024-12-30 0:00:00
19,BU1,Display,,60228.74,2024-12-22 0:00:00
33,BU3,Paid Search,,0,2024-12-29 0:00:00
34,BU4,Organic Search,,0,2024-12-22 0:00:00
36,BU5,Paid Social,,61112.48,2024-12-30 0:00:00
40,BU5,Paid Social,,0,2024-12-16 0:00:00
43,BU5,Paid Social,,53161.68,2024-12-26 0:00:00
65,BU4,Organic Search,,59835.49,2024-12-23 0:00:00
75,BU1,Display,,0,2024-11-13 0:00:00
92,BU2,Organic Social,,0,2024-11-26 0:00:00
122,BU2,Organic Social,,51950.47,2024-10-09 0:00:00
127,BU2,Organic Social,,51681.63,2024-12-04 0:00:00
134,BU3,Paid Search,,59419.36,2024-11-26 0:00:00
142,BU5,Paid Social,,61520.03,2024-11-28 0:00:00
159,BU4,Organic Search,,52359.45,2024-11-10 0:00:00
173,BU2,Organic Social,,60736.39,2024-11-20 0:00:00
175,BU4,Organic Search,,0,2024-11-26 0:00:00
193,BU2,Organic Social,,64121.2,2024-09-28 0:00:00
195,BU1,Display,,56749.55,2024-12-03 0:00:00
196,BU1,Display,,63971.05,2024-11-06 0:00:00
218,BU3,Paid Search,,49528.05,2024-12-08 0:00:00
229,BU5,Paid Social,,63776.57,2024-08-08 0:00:00
245,BU4,Organic Search,,47048.43,2024-09-15 0:00:00
250,BU1,Display,,62468.12,2024-10-22 0:00:00
256,BU5,Paid Social,,54397.2,2024-11-09 0:00:00
258,BU4,Organic Search,,62079.16,2024-11-04 0:00:00
271,BU4,Organic Search,,0,2024-06-26 0:00:00
276,BU5,Paid Social,,54081.17,2024-06-26 0:00:00
296,BU4,Organic Search,,53000.09,2024-10-12 0:00:00
304,BU1,Display,,52009.1,2024-07-01 0:00:00
320,BU4,Organic Search,,62113.48,2024-07-26 0:00:00
329,BU1,Display,,54312.83,2024-06-13 0:00:00
340,BU4,Organic Search,,56257.63,2024-12-13 0:00:00
341,BU2,Organic Social,,55628.43,2024-10-28 0:00:00
343,BU3,Paid Search,,0,2024-07-18 0:00:00
350,BU2,Organic Social,,63251.76,2024-03-31 0:00:00
354,BU2,Organic Social,,48863.1,2024-08-20 0:00:00
356,BU1,Display,,0,2024-06-24 0:00:00
361,BU3,Paid Search,,60885.11,2024-05-08 0:00:00
379,BU5,Paid Social,,47415.94,2024-11-27 0:00:00
416,BU2,Organic Social,,64355.72,2024-07-24 0:00:00
443,BU4,Organic Search,,62659.74,2024-02-03 0:00:00
444,BU2,Organic Social,,46868.25,2024-09-03 0:00:00
445,BU3,Paid Search,,52672.62,2024-03-30 0:00:00
447,BU5,Paid Social,,73228.87,2024-06-20 0:00:00
449,BU5,Paid Social,,66709.5,2024-02-09 0:00:00
452,BU5,Paid Social,,58685.77,2024-06-16 0:00:00
465,BU1,Display,,62430.94,2024-10-20 0:00:00
466,BU5,Paid Social,,65103.61,2024-02-22 0:00:00
475,BU1,Display,,58046.56,2024-08-29 0:00:00
477,BU2,Organic Social,,59705.36,2024-12-10 0:00:00
500,BU3,Paid Search,,66816.75,2024-11-15 0:00:00
508,BU4,Organic Search,,0,2023-12-05 0:00:00
511,BU4,Organic Search,,0,2024-12-02 0:00:00
513,BU4,Organic Search,,44412.94,2024-12-10 0:00:00
514,BU1,Display,,53270.36,2024-10-01 0:00:00
519,BU2,Organic Social,,58208.15,2024-03-16 0:00:00
520,BU5,Paid Social,,66896.83,2024-10-26 0:00:00
521,BU5,Paid Social,,49699.65,2024-06-14 0:00:00
526,BU4,Organic Search,,64518.74,2024-11-04 0:00:00
527,BU2,Organic Social,,41996.24,2024-04-19 0:00:00
532,BU4,Organic Search,,59350.72,2024-10-27 0:00:00
533,BU2,Organic Social,,69713.93,2024-10-18 0:00:00
545,BU5,Paid Social,,71102.46,2024-11-12 0:00:00
547,BU2,Organic Social,,59071.87,2024-04-09 0:00:00
553,BU2,Organic Social,,77900.68,2024-10-07 0:00:00
557,BU1,Display,,59735.39,2023-11-09 0:00:00
567,BU5,Paid Social,,72093.45,2024-10-26 0:00:00
572,BU5,Paid Social,,61567.22,2023-12-18 0:00:00
573,BU5,Paid Social,,0,2024-09-22 0:00:00
574,BU2,Organic Social,,57271.5,2024-05-19 0:00:00
580,BU3,Paid Search,,57518.89,2024-07-23 0:00:00
582,BU5,Paid Social,,68923.14,2023-11-29 0:00:00
599,BU4,Organic Search,,53487.72,2023-10-03 0:00:00
601,BU2,Organic Social,,57965.05,2024-06-15 0:00:00
604,BU3,Paid Search,,56353.44,2024-02-11 0:00:00
650,BU4,Organic Search,,68372.59,2023-10-05 0:00:00
653,BU4,Organic Search,,0,2024-07-07 0:00:00
656,BU1,Display,,48998.95,2023-07-27 0:00:00
657,BU3,Paid Search,,53323.27,2023-10-11 0:00:00
661,BU1,Display,,54811.9,2023-09-04 0:00:00
664,BU4,Organic Search,,65569.79,2024-04-10 0:00:00
667,BU4,Organic Search,,48660.04,2024-05-27 0:00:00
698,BU1,Display,,63321.83,2024-03-24 0:00:00
700,BU5,Paid Social,,58725.81,2024-06-22 0:00:00
708,BU4,Organic Search,,0,2024-08-21 0:00:00
709,BU1,Display,,0,2023-11-14 0:00:00
729,BU2,Organic Social,,58488.43,2024-06-17 0:00:00
737,BU3,Paid Search,,59362.16,2024-05-12 0:00:00
739,BU1,Display,,64074.01,2023-08-29 0:00:00
742,BU3,Paid Search,,59127.64,2024-01-23 0:00:00
760,BU5,Paid Social,,42199.3,2023-07-14 0:00:00
763,BU2,Organic Social,,51520.04,2024-11-10 0:00:00
773,BU1,Display,,57029.83,2023-05-01 0:00:00
808,BU4,Organic Search,,55529.76,2023-08-25 0:00:00
819,BU3,Paid Search,,0,2024-12-05 0:00:00
831,BU4,Organic Search,,0,2023-11-25 0:00:00
834,BU5,Paid Social,,66319.11,2023-07-19 0:00:00
839,BU4,Organic Search,,54023.97,2024-06-03 0:00:00
848,BU4,Organic Search,,50846.51,2024-09-10 0:00:00
852,BU5,Paid Social,,62146.37,2024-08-12 0:00:00
857,BU5,Paid Social,,57042.7,2023-07-06 0:00:00
862,BU1,Display,,0,2023-08-27 0:00:00
866,BU5,Paid Social,,46174.7,2024-01-12 0:00:00
868,BU3,Paid Search,,62001.94,2023-02-01 0:00:00
892,BU3,Paid Search,,0,2023-05-15 0:00:00
894,BU4,Organic Search,,60417.5,2024-12-06 0:00:00
898,BU1,Display,,56593.68,2023-07-06 0:00:00
902,BU3,Paid Search,,64650.3,2023-09-18 0:00:00
927,BU5,Paid Social,,62300.81,2023-08-27 0:00:00
928,BU3,Paid Search,,41615.86,2023-04-02 0:00:00
930,BU3,Paid Search,,42104.92,2024-10-08 0:00:00
934,BU1,Display,,46213.31,2024-09-27 0:00:00
940,BU3,Paid Search,,56909.71,2023-07-18 0:00:00
953,BU5,Paid Social,,42468.14,2022-11-26 0:00:00
960,BU5,Paid Social,,50634.87,2024-07-15 0:00:00
964,BU4,Organic Search,,57270.07,2023-07-04 0:00:00
968,BU5,Paid Social,,51242.62,2023-01-07 0:00:00
970,BU5,Paid Social,,69542.33,2024-07-22 0:00:00
973,BU4,Organic Search,,47719.1,2024-05-08 0:00:00
995,BU3,Paid Search,,65978.77,2023-12-17 0:00:00
996,BU2,Organic Social,,53946.75,2024-11-26 0:00:00
24,BU2,Organic Social,,82393.74,
27,BU2,Organic Social,,71472.83,
51,BU3,Paid Search,,79912.69,
76,BU2,Organic Social,,0,
86,BU1,Display,,54245.62,
90,BU5,Paid Social,,48605.7,
95,BU4,Organic Search,,48010.82,
97,BU3,Paid Search,,70167.24,
111,BU5,Paid Social,,0,
121,BU1,Display,,55554.07,
124,BU4,Organic Search,,0,
132,BU5,Paid Social,,61929.01,
166,BU2,Organic Social,,101179.65,
174,BU1,Display,,58218.16,
186,BU2,Organic Social,,49486.58,
261,BU5,Paid Social,,70031.39,
279,BU3,Paid Search,,74615.97,
337,BU1,Display,,62855.65,
339,BU3,Paid Search,,53963.91,
357,BU2,Organic Social,,145801.37,
382,BU1,Display,,0,
384,BU4,Organic Search,,0,
385,BU3,Paid Search,,128142.3,
395,BU2,Organic Social,,0,
407,BU1,Display,,67518.88,
441,BU3,Paid Search,,135230.81,
462,BU2,Organic Social,,68441.23,
478,BU5,Paid Social,,51035.27,
492,BU2,Organic Social,,0,
523,BU2,Organic Social,,85978.75,
560,BU1,Display,,0,
566,BU5,Paid Social,,0,
597,BU1,Display,,122881.33,
600,BU1,Display,,58522.75,
654,BU5,Paid Social,,0,
680,BU5,Paid Social,,0,
695,BU4,Organic Search,,61022.39,
710,BU5,Paid Social,,67943.59,
712,BU5,Paid Social,,68231.02,
725,BU4,Organic Search,,0,
774,BU4,Organic Search,,0,
778,BU3,Paid Search,,66878.24,
783,BU5,Paid Social,,64733.24,
792,BU5,Paid Social,,73101.6,
793,BU3,Paid Search,,72934.29,
836,BU1,Display,,60321.69,
837,BU4,Organic Search,,58382.61,
846,BU4,Organic Search,,0,
861,BU2,Organic Social,,62877.1,
863,BU2,Organic Social,,125987.29,
895,BU4,Organic Search,,71422.78,
917,BU2,Organic Social,,0,
939,BU5,Paid Social,,90062.83,
947,BU5,Paid Social,,57859.23,
955,BU4,Organic Search,,44347.16,
965,BU5,Paid Social,,44743.27,
984,BU4,Organic Search,,79047.54,